{
    "bracelet_state": true,
    "bracelet_last": 1770231340,
    "last_ts": 1770234910.5226500034332275390625,
    "inactive": false,
    "last_msg_ts": 1770234910.5226500034332275390625,
    "inactive_age_s": 294
}